,ID,Review URL,Text,Star,Thumbs Up,User Name,Developer Reply,Version,Review Date,App ID
15,3901,https://play.google.com/store/apps/details?id=com.android.chrome&reviewId=gp:AOqpTOFGWKHxW5O6bL8p3zURZeK-xUQY2ucrIq4hucgnisKC2cJw67j-fn6IErsxlOAx_aKu0coe6OiGVCg49kQ,Very coming in real status. Thank you,1,0,Richyy Gonzalez,,87.0.4280.86,2020-12-19,com.android.chrome
42,3928,https://play.google.com/store/apps/details?id=com.android.chrome&reviewId=gp:AOqpTOHpjxrDWG8isJIUKLeU9nxvDitKBHz1m7cVCPiWzQQi3kbikuMhlCM4BDIgQo3tMD6_9UclO_vg6hhwup4,Okk kind but bad then brave,1,0,shradha baradiya,,87.0.4280.101,2020-12-19,com.android.chrome
84,3970,https://play.google.com/store/apps/details?id=com.android.chrome&reviewId=gp:AOqpTOGOOAdhGCAXmcQo7O1pJ_OAsvieRxJga5kLViwlQt6YfRSDkp456GE9XIMRMCs1-F9obFoY-lo8Q9oWRYM,App updated issue,1,0,Umesh Pandhare,,86.0.4240.185,2020-12-19,com.android.chrome
91,3977,https://play.google.com/store/apps/details?id=com.android.chrome&reviewId=gp:AOqpTOGTixBCZLA031UABivOlcu2eZB94bUnht6DeCjKLkfi-yMySnyBtFVrPRNXcXS2_pI0N9NwKjLEU8QmJM8,Jelek..........?!!!!!!!!!!!!!!!!!,1,0,Ainiyyah official,,,2020-12-19,com.android.chrome
101,4113,https://play.google.com/store/apps/details?id=com.android.chrome&reviewId=gp:AOqpTOGam4O8tkplGZra_QgwRA5DaQMrhf5lXRq56BIaXtzvGBhkPNA_koAhjIkC8B1KXViBKVCq9l3T1WT5w60,Good,1,0,Sohail Soomro,,74.0.3729.136,2020-12-21,com.android.chrome
102,4092,https://play.google.com/store/apps/details?id=com.android.chrome&reviewId=gp:AOqpTOH0LaZ49JbgGzzt0vuRAgHINjX2FnnL3Bl2sja8WcVm0nyzQSzSmrv2WTsxq53GirTe6JODCrqbSfly1t0,Says update but wont this whole thing is like its not even google im lost,1,0,shayne andrew,,87.0.4280.101,2020-12-21,com.android.chrome
122,4107,https://play.google.com/store/apps/details?id=com.android.chrome&reviewId=gp:AOqpTOFsRIgjHyOwgg-qQFqZCG5l6I94K0qP9gRv5cRutY4Ltg9p8ayxLxy1r76NNVonSCmzcoTYmds6v-XVxtg,always offline,1,0,Brian Mahinay,,77.0.3865.92,2020-12-21,com.android.chrome
158,4143,https://play.google.com/store/apps/details?id=com.android.chrome&reviewId=gp:AOqpTOGs_j9GCuk-trSJbRPlg6IkMe-qW2E4y3w_JWVB13VsHf-cG2kgt0BntS_WQreeBro6hE8wqN0oWHDpBgs,Good,1,0,Md Rubel khan,,,2020-12-21,com.android.chrome
168,4154,https://play.google.com/store/apps/details?id=com.android.chrome&reviewId=gp:AOqpTOGumRulcgIsQoxo3sYdk91HGMQuy_MrGxDlSrQf1PLFdvvcTYB0dlTGf-0GlO9mCTwSTSiFRplHIKaRr5Q,Rules of admission in rehabilitation centre in Bagayam,1,0,HD STAR,,71.0.3578.99,2020-12-21,com.android.chrome
199,4185,https://play.google.com/store/apps/details?id=com.android.chrome&reviewId=gp:AOqpTOHvs-SKGEq8lKtsc3FKjWjkoalxcDEcRrchWyb1SmfRC71n13zUacalfDQb8VnSRCx1sRv9nkLSIMi6Gdg,Open my chrome app,1,0,Anol Sarker,,87.0.4280.101,2020-12-21,com.android.chrome
226,5186,https://play.google.com/store/apps/details?id=com.android.chrome&reviewId=gp:AOqpTOG_73Na16kD1dKontoFBRnZ33D-qPXW5E2gSWSm00dTqCksPEKEgbDk67-gYr2y6ZCtl8_n4lHCm726-Dk,Vinay,1,0,Ramsurat Ramsurat,,,2020-12-21,com.android.chrome
258,5217,https://play.google.com/store/apps/details?id=com.android.chrome&reviewId=gp:AOqpTOE1tZtXYjKMBk7IVNMJGnmuQOaaYZ1JxNztiGieGHGJblHpUwgYA6GeSMoeAScQf1Whlp_TY4jaI-tDcAk,It is the best app for browsing,1,0,Favour Nwaejikoma,,56.0.2924.87,2020-12-21,com.android.chrome
291,5251,https://play.google.com/store/apps/details?id=com.android.chrome&reviewId=gp:AOqpTOFVZ1m9gQyQTGAzgBtIGKGC1jVbT-3-3LydI_XSIQB0HIqd95vNpLwWBYhxvIYfpuLhSP5wvl2shucWeus,Ok,1,0,Rajesh Prabhu,,76.0.3809.111,2020-12-21,com.android.chrome
310,5842,https://play.google.com/store/apps/details?id=com.android.chrome&reviewId=gp:AOqpTOEYlspxjUosomPFeodvhH76GQusL9FHFsp-44k7SguXrEUckePcebnyP8mUQA6rZGX5ayXz4U0gz_CW2sc,Best,1,0,Vasava Govindbhai,,67.0.3396.87,2020-12-22,com.android.chrome
312,5844,https://play.google.com/store/apps/details?id=com.android.chrome&reviewId=gp:AOqpTOGf1DHgLVB8MYo_AMj9JCBpBp31NGREk-lSsvt5Zv0vXM5vJGNXLe77wGumcF01MqgLSvEA_eKHoM6E5PY,Good,1,0,Prem Kumar,,80.0.3987.99,2020-12-22,com.android.chrome
315,5847,https://play.google.com/store/apps/details?id=com.android.chrome&reviewId=gp:AOqpTOG0Ar7hmsN0GQxNQ1X4X4LXgvUu__uh9SMarL3y4XG2OTeos7wAOYZ_AvgmZK-0yfywuekuZOm5hmy2m2U,Nice,1,0,harsh pandey,,87.0.4280.101,2020-12-22,com.android.chrome
351,5885,https://play.google.com/store/apps/details?id=com.android.chrome&reviewId=gp:AOqpTOHG9X01fLtddQYs3ZsqzwCNiwmV62sAfXodyewfwzC62g-OYKe6V3HSbbC1CwDlYcMxnKrKnZZJSd7ECa0,Ghoul,1,0,Sabjan Sayd,,36.0.1985.135,2020-12-22,com.android.chrome
364,5898,https://play.google.com/store/apps/details?id=com.android.chrome&reviewId=gp:AOqpTOEeYI_kkhahEPnGYhX0iTGsAcxaKq8xpVaJ0nY9YpdoAvjBdnsZmfb9vp19MRlxWjJ2Z9gNy_So51g7SCg,Cant update,1,0,Silvestrs Aispurs,,81.0.4044.138,2020-12-22,com.android.chrome
389,5923,https://play.google.com/store/apps/details?id=com.android.chrome&reviewId=gp:AOqpTOFcGWDQEZacmxOD3dyhdzTNx17IcNbFrNVnuhRqY7mt0TBOuYIzLf1XmYV2ai7XS4SSwQhfNXkxIJYh_II,Good,1,0,Thobani Kave,,87.0.4280.101,2020-12-22,com.android.chrome
417,8524,https://play.google.com/store/apps/details?id=com.android.chrome&reviewId=gp:AOqpTOHU3fSPc0_LkTyisK9ES66cyWaiPc426lFbG_5w6WZWDjzZEs-orro-MOWx7OdB5S4AOdLjkoFB6tVzot8,Wont let me update,1,0,Rachel Souza,,85.0.4183.127,2020-12-24,com.android.chrome
424,8531,https://play.google.com/store/apps/details?id=com.android.chrome&reviewId=gp:AOqpTOHwHkZbl-Eo1ULab854cbiKE6QDaiAppPCU81ctMjngr-XrAsKPVF1AWHL6pYgxu8A5OqLag4tDSYa1qeo,Good,1,0,Hina Nayka,,83.0.4103.101,2020-12-24,com.android.chrome
499,8607,https://play.google.com/store/apps/details?id=com.android.chrome&reviewId=gp:AOqpTOHcssa1F7vhD-UBUkFOdT7eCuICFvvANQLSKdds8lHB7mM1lgbfiV7hIw1djJBluWEKi3tJBTlWzRYYfh0,It's not update facing problem.,1,0,R Bisht,"Hey Bisht, thanks for reaching out! We are aware of reports of this behavior, and have shared more information in our community help forum: https://goo.gle/3okKrmP. Thanks!
",83.0.4103.101,2020-12-24,com.android.chrome
540,12599,https://play.google.com/store/apps/details?id=com.android.chrome&reviewId=gp:AOqpTOGiEhZv3BAYUY5QTibT0uPde3Vtl9lzqZ0cvlZvgCYNcMV-VSp5yh91tc0TEQ55zYCHKBAlsYfEJI4y8tA,IT IS GOOD FOR GAMING,1,0,sarika kumari,,72.0.3626.121,2020-12-24,com.android.chrome
576,12636,https://play.google.com/store/apps/details?id=com.android.chrome&reviewId=gp:AOqpTOG9wFbNBKSF8bxPrx3uHvdtCLAu4CrANo9T9xBYyQUKCWNXKPPfNduignBykFj0fypqbcwW8chklgNKf5M,Nic,1,0,Vikram Deogam,,74.0.3729.136,2020-12-24,com.android.chrome
622,20387,https://play.google.com/store/apps/details?id=com.android.chrome&reviewId=gp:AOqpTOFdetuwn6o0MbOFmBhTH2eJpRFniHl2s4bGlSPPanx5SQPbMCv6y6eeRt0orULC9XFWIJU2IE7dZHe1oeA,Please collect information on yourselves and let me live and do as I wish without you feeling the need to know my every thought or action or reaction.. in other words don't be evil... Just do you boo,1,0,Scott T Freebird,,70.0.3538.110,2020-12-24,com.android.chrome
631,20396,https://play.google.com/store/apps/details?id=com.android.chrome&reviewId=gp:AOqpTOEid6clbYj_Uxbc5x3YEhRwAL-QuHJIMB13-pLz8qHjobomdjrpZE8AHgiRCtlIsXH5OnulkIeieNSXeOA,Lake,1,0,Ashutosh Prasad,,85.0.4183.127,2020-12-24,com.android.chrome
703,24318,https://play.google.com/store/apps/details?id=com.android.chrome&reviewId=gp:AOqpTOGTZ0S9CWF1aTI5EDbGoOBt2iCVnv8vFlJnCEZdtZBWLCs2GrOCEvq8cQNpNcy3KVADPShxem5v0r7QxTA,"The update won't download, and from the other reviews it's probably a good thing!",1,0,Gordon Graham,,87.0.4280.101,2020-12-26,com.android.chrome
775,24391,https://play.google.com/store/apps/details?id=com.android.chrome&reviewId=gp:AOqpTOFRPyqHBt_T4NkebxSdn0sCsIKLrigCMGeqd8y2Zb-lr3ub-JmZAeQ4v64MlloYBCBKkknj7TR46PmrHcg,Good,1,0,Jove Regalario,,81.0.4044.138,2020-12-25,com.android.chrome
807,31574,https://play.google.com/store/apps/details?id=com.android.chrome&reviewId=gp:AOqpTOFEjb9NVdkDPBqmA57AV2Jr34MWXf13NOaUfWEEqQUcGNM2QnG_fLleBMDVeFqIrj3lmUc_neJ-Pnta0ic,Good serving,1,0,edgardo apilado,,40.0.2214.109,2020-12-27,com.android.chrome
822,31589,https://play.google.com/store/apps/details?id=com.android.chrome&reviewId=gp:AOqpTOHVgKKh62WwrxtsLuvBleF9Q541601ycS8ctvLS26Fm1ahN55h7MC4JC6ghFT8PMTgzynCX6o0doE3fDXs,Fresh,1,0,qalab Abbas607607,,87.0.4280.101,2020-12-27,com.android.chrome
835,31602,https://play.google.com/store/apps/details?id=com.android.chrome&reviewId=gp:AOqpTOGcNL5hEEok9Wi_VOumqK4bfBpUrwr5IbcBxmSQf0px-0fW4Z63MvgG6e1DsSoyLOrf522hiXQAdtRcwhY,Excellent,1,0,Hayatudeen Rabiu,,70.0.3538.110,2020-12-26,com.android.chrome
894,31662,https://play.google.com/store/apps/details?id=com.android.chrome&reviewId=gp:AOqpTOG2KEOD84LV7z5Sv6JZA8pfRVW3vaU9eQ-Y2HFq905IJJ3TMm-whE3TCdKnklfty3d7JIOK8662MGwFW1E,It wont up date,1,0,Tammy Holley,,86.0.4240.99,2020-12-26,com.android.chrome
928,36577,https://play.google.com/store/apps/details?id=com.android.chrome&reviewId=gp:AOqpTOHK0JvW6q_wumavaJtOwZIMBhZbS2_N7-GE51ulzOLrj2qtWOl5pASKk5TD0P4D9NPdkrb-KofS9dzLRU4,Tak boleh update,1,0,Idola Makele,,87.0.4280.101,2020-12-27,com.android.chrome
937,36586,https://play.google.com/store/apps/details?id=com.android.chrome&reviewId=gp:AOqpTOF9ehqE5U3ZVwOXEVcXfLJJaaA1o78-WL6WXGjY8_aNZsFRWueeBJTbrgyfzv_gigvg0tqbamILWkPdss4,Do not like many issues it was ok before but recentlyit just wont work properly I,1,0,misty eyes,,87.0.4280.101,2020-12-27,com.android.chrome
998,40301,https://play.google.com/store/apps/details?id=com.android.chrome&reviewId=gp:AOqpTOHHtloC48n2iYnHK15l1cq0vIMQSHeFSZbt03Pn4yxdpspFHuYLhd3rMfnFetDyk61IwQQqrALXzVavij8,Cool app,1,0,ALVAN IHESIABA,,63.0.3239.111,2020-12-29,com.android.chrome
1098,47434,https://play.google.com/store/apps/details?id=com.android.chrome&reviewId=gp:AOqpTOE0htZcPYa8DF3Xv8dnqrvVx8K_G7zWfKwgvsOGUb2uagYIQ87UIRVvt7R--0E_xJYjnobFYEBvJXosro8,This is good app but Not update please help,1,0,SHIVRAJ PAWAR,,86.0.4240.198,2020-12-30,com.android.chrome
1113,47451,https://play.google.com/store/apps/details?id=com.android.chrome&reviewId=gp:AOqpTOEOU4yXXJYgAScylB68ooBGjz30wZdCSK7coF5GGydqhTRXPXUIYlBmL6PqFvbPM_xDtTTZLsaQKsr8J7I,Nice n fast,1,0,Roshan Krishna,,87.0.4280.101,2020-12-30,com.android.chrome
1138,47475,https://play.google.com/store/apps/details?id=com.android.chrome&reviewId=gp:AOqpTOHVhZePJCZiv1Rai6FqAKFX1H7xo_YZD4zgkzuXBV202ulqwr7vvdo6GE51ykv_9KahfkqrNBRtPhpAxtI,jelek,1,0,ÍßÅ Ä…™·¥¢·¥Ä …¥·¥ú Ä Íú∞·¥Ä…™·¥¢·¥ÄÍßÇ,,55.0.2883.91,2020-12-29,com.android.chrome
1145,47483,https://play.google.com/store/apps/details?id=com.android.chrome&reviewId=gp:AOqpTOE8VnGfLFdOF9jSh7lVGzrRV4r_7FpaIrWD7ODuKd2qaB4z0u01ti_ZhX55fuEwMNn9ST9HALT4_ItdKT8,Good,1,0,BALAJI INGALE,,87.0.4280.101,2020-12-29,com.android.chrome
1200,48234,https://play.google.com/store/apps/details?id=com.android.chrome&reviewId=gp:AOqpTOFbvfEomT41AbvqF05UY7MACemHpLpt39M5Z0duTC_fru8b5tktUXh9R4oeVOXqS6Rbw2Vp6oH8auPuvPQ,we yet,1,0,Daniel Lartey,,80.0.3987.99,2020-12-31,com.android.chrome
1243,48278,https://play.google.com/store/apps/details?id=com.android.chrome&reviewId=gp:AOqpTOEoI_davDf3rNkWQwMDjrYkQgWeL8YSQh_eG9SpB3kzOwhOuI4be-Qbjpik7xvS0ooUlHaM5ZQ9UdTQK_E,Chrome keeps closing,1,0,Edward Howell,,87.0.4280.101,2020-12-30,com.android.chrome
1250,48285,https://play.google.com/store/apps/details?id=com.android.chrome&reviewId=gp:AOqpTOHmaxUfVGmUt6zYuGx0aYTAbfwqEItSdjqQddvJx1ZxJXd9LPFk42ECbWCXuJiX5TprCBFweWkyI1FbBac,3yeats,1,0,sanjay desai,,70.0.3538.110,2020-12-30,com.android.chrome
1260,48297,https://play.google.com/store/apps/details?id=com.android.chrome&reviewId=gp:AOqpTOEKTMQgG8aulLHIFs64AV54jh8riL-X8-yWkvbAOnG-V1Nti_qCjNjV41o-51cGau9Pzexu8cL3VZ01kVU,Along try,1,0,Amjad Khan,,43.0.2357.93,2020-12-30,com.android.chrome
1261,48298,https://play.google.com/store/apps/details?id=com.android.chrome&reviewId=gp:AOqpTOGrVwUEEQpoLFjRJRN1dM3NVk8OoAPuFqJ3nxxm0pXxLtlUygBqZTxNFl6eDnMTE5tum22M7LQXYoASgpU,"Wont update, ever!",1,0,Paula Walter,,85.0.4183.101,2020-12-30,com.android.chrome
1310,57420,https://play.google.com/store/apps/details?id=com.android.chrome&reviewId=gp:AOqpTOGKBN3Awm8-kD5_4Cwiyab1P5JhbkeyyRM9vSNi5K51ytMJPLYYJbHiQrBbAMo-dAE1B2XD_23e_3chHF8,Wont update,1,0,Total Khaos,,86.0.4240.198,2021-01-01,com.android.chrome
1314,57424,https://play.google.com/store/apps/details?id=com.android.chrome&reviewId=gp:AOqpTOE_0-8BYjJh1_iAD-1kuzS_R8DDA0IIxScKvDBxIIjh0zXgpHqZWY4t_SbbRH-LJXRDPk-waOWaZ5X46UA,Nice,1,0,Troy Pellew,,87.0.4280.101,2021-01-01,com.android.chrome
1326,57436,https://play.google.com/store/apps/details?id=com.android.chrome&reviewId=gp:AOqpTOH98C3gWPkzeLyzD6ugRS7CiuLXxbRsGi2EthwNsN6pXgQML4u5Gj_AiPYZywtY4QSqDAWhYfOGA-Yslzk,Keep trying to update but wont update.,1,0,ian mcguire,,80.0.3987.99,2020-12-31,com.android.chrome
1374,57484,https://play.google.com/store/apps/details?id=com.android.chrome&reviewId=gp:AOqpTOHhA3EcRzNBMptW01RCdGq2ScaKBRcydJ8B4MjvPnATXJd4hb1ZjELQtzozcCLpEwPlZEpU4v6cNwFZOrg,"Still not allowing updates to this one app on Galaxy S20. Other apps update just fine... Come on Google, seriously? This is your very invasive OS, with your invasive permissions and applications, yet somehow you can't just update your browser program?",1,0,Robert Arp,,83.0.4103.106,2020-12-31,com.android.chrome
1417,62111,https://play.google.com/store/apps/details?id=com.android.chrome&reviewId=gp:AOqpTOHpJZYu7gqu3lsE3L2FDXHOr32fvOmzbBOH5RujScwbXBjxzZCJoe8LG-hkaofLhWSlgabbJ7rP2SmW1L8,Good,1,0,Rosemary Solomons,,79.0.3945.116,2021-01-02,com.android.chrome
1421,62115,https://play.google.com/store/apps/details?id=com.android.chrome&reviewId=gp:AOqpTOGqn-76UItxcw5p5gPDaSc8M1d5_G-HXLvnFHE_p4t8XKwzbqjsJpESLCNOT1giV4dOAF2GVlKrWaEi7Zs,Best app,1,0,Avnish babu Singh,,84.0.4147.125,2021-01-01,com.android.chrome
1493,68645,https://play.google.com/store/apps/details?id=com.android.chrome&reviewId=gp:AOqpTOHBYV1nm-KW5F8WGsKzmVILEl4NwKgG7fBSdQXLTnBB5Rwaj9qJywXhO6EA9Ma1MFR19XOWpEI3PjUHvIo,KRishan Chatham,1,0,Amit Chaurasiya,,,2021-01-03,com.android.chrome
1506,68659,https://play.google.com/store/apps/details?id=com.android.chrome&reviewId=gp:AOqpTOF1jByakGhJmGGlunM9o4n7jHj1w8l90RENDuEDk4Jw8JTjNbNt2V9o5OfU6KYINdaKCt1BQ6B3cOCz1Jg,Ew,1,0,Bree Zhee,,68.0.3440.91,2021-01-03,com.android.chrome
1514,68667,https://play.google.com/store/apps/details?id=com.android.chrome&reviewId=gp:AOqpTOG65UhhysHM_ck4a0vzJQfJrYRU3Aa1D_-JdKZskxe1IRJlwKMgJMnHwzr10uDIv7FPvWX2YwfQzPL5e9g,¬Æ outeme.,1,0,Ido Route,,87.0.4280.101,2021-01-02,com.android.chrome
1516,68669,https://play.google.com/store/apps/details?id=com.android.chrome&reviewId=gp:AOqpTOG6-DHbcUtp1qTJdqEjrokr4P4Yqj2ICuiaJQFo_dryAwhtlOFDItH8kQx3cEvYWb2pX0oQHjsS0RmRsec,"Yo after this update, chrome is booty cheeks bruh on god",1,0,Angel Valencia,,83.0.4103.106,2021-01-02,com.android.chrome
1537,68691,https://play.google.com/store/apps/details?id=com.android.chrome&reviewId=gp:AOqpTOHybtZz6oa8p3Q6yjGSBSk7N859RI8MA12OaV9OoJewd4_4sAMz6bFGoZrVzURA6bQVZxDsbOmdeBKcS9M,Great,1,0,Victoria Baffoe,,,2021-01-02,com.android.chrome
1546,68700,https://play.google.com/store/apps/details?id=com.android.chrome&reviewId=gp:AOqpTOExlHEbXy0N3Js4MCI2sLvMnqi5-_TWOgbIW91CAOaLj-ZWhOldJwHO6S2u2y9VEPBVeNdpkKh0O0K0YUk,¬ø¬°„ÅÑ,1,0,Google Guest,,81.0.4044.138,2021-01-02,com.android.chrome
1619,69273,https://play.google.com/store/apps/details?id=com.android.chrome&reviewId=gp:AOqpTOEyy9yCK5nbitwRETXwO51uug4USb0UJepluxpGNKookLw6EXqdRqYXf42CXkon3IJHO0sos9PUgUUpBDI,Good,1,0,Premdas Vaishnav,,87.0.4280.101,2021-01-03,com.android.chrome
1634,69288,https://play.google.com/store/apps/details?id=com.android.chrome&reviewId=gp:AOqpTOEb6uWARAxE4lSWpTkSR0RDJj2imh9-6jKbu9n-YTPnbi7FuILswZje8V7KPboEAX_i3-Srf8y115qJ9yE,super,1,0,Bikram Basak,,87.0.4280.66,2021-01-03,com.android.chrome
1644,69298,https://play.google.com/store/apps/details?id=com.android.chrome&reviewId=gp:AOqpTOFEBSegJJnSTOXhlUYRk1ppK1HSNUSPf_6tVzbYuKAoxRxJPkl6IeKk_O4Injmo2_Nqc-bWaUsgS2bHHNw,Bee,1,0,Ben Harris Gaming,,87.0.4280.101,2021-01-03,com.android.chrome
1691,78724,https://play.google.com/store/apps/details?id=com.android.chrome&reviewId=gp:AOqpTOG4ufGHj8-k99Vk2CMxUzTCDN7AQN9lVgL2sTu0P0iUjKFpCoYcYm7KHDssyqjmOvFOY6A4O7IV4uqN9Tc,Nice,1,0,Shubham Pal,,80.0.3987.99,2021-01-05,com.android.chrome
1704,78738,https://play.google.com/store/apps/details?id=com.android.chrome&reviewId=gp:AOqpTOELKTIyR3jp9Oj4l7LKRgFtjyBDGfV2ZhCwXcNf6Pvg0KGXJBgBmBV0FSsTkwoNbtyGtjm6_8M8OO-jLMM,Is fast secure I love it,1,0,Penka Weezy,,43.0.2357.93,2021-01-05,com.android.chrome
1718,78752,https://play.google.com/store/apps/details?id=com.android.chrome&reviewId=gp:AOqpTOGa67UkSTLPoeEsq1YCfQBJ6SYEQue1xIEPxsff7h27egink8lDa5lEhXyDQ0RemYfROEszz0bbGN5x2d0,110 Aso SoNU,1,0,Sonu Majhi,,70.0.3538.110,2021-01-04,com.android.chrome
1725,78759,https://play.google.com/store/apps/details?id=com.android.chrome&reviewId=gp:AOqpTOE8BNn_VCe_jxOmermTB8FfHrQu_PxK7H_kbmm7ieRR34DNaxNcpouUcw1s9BRf1_hQSCnEw6wc_6VLxlM,Good,1,0,Ana-lira Sweetie,,56.0.2924.87,2021-01-04,com.android.chrome
1737,78771,https://play.google.com/store/apps/details?id=com.android.chrome&reviewId=gp:AOqpTOEHXxfvSoGYzrxoT_CHoqV7RRhbSTEHn4UT4RSyU5gW9mWPq0kkeNMtMeTEpJ0NOzWVnZIKzFfDWEWmOjI,Tells me to update then doesn't let me,1,0,KEN NAYLOR,,86.0.4240.110,2021-01-04,com.android.chrome
1893,87036,https://play.google.com/store/apps/details?id=com.android.chrome&reviewId=gp:AOqpTOEMghbsFvgQit63Y-rlYUHmvZoHtE27f_lC2okBctxS2NjJdJQiip1HwQ_PBsZgFxUisRpX3V1WyXiN2aU,a,1,0,Vusimuzi Japhta Ngwenya,,87.0.4280.101,2021-01-06,com.android.chrome
1926,87071,https://play.google.com/store/apps/details?id=com.android.chrome&reviewId=gp:AOqpTOFCnqVMo8fk0q5bwpbJ4XlHyxEbLzyLx_t1hxEZL4zWK5XDS7dJLbnGtwVPwBgCcU3xEAPufoiCwHewORQ,Fine,1,0,Zizu Ahmed,,87.0.4280.101,2021-01-06,com.android.chrome
1950,87096,https://play.google.com/store/apps/details?id=com.android.chrome&reviewId=gp:AOqpTOGB_VRCjOmxZ4pVQePSS2O8RI9azGNRoG8eBXjwcW1RJmVxHzCnHJ1mvKi-0g4t195Ldi2-6T7YOe9JBn0,t Thanks again Vietta how's your car doing well I hope you have a great day and I will be able and willing to help you out with the next steps for me to do that we need to get the update on the status of the order I placed the order on your way back to the office I will send you my email address to use it for you if you need anything else from me please let me know what you need from me to get you a copy of the order I placed the right number for you to call for the next couple weeks so I'm goi.,1,0,Kerry Boven,,87.0.4280.101,2021-01-06,com.android.chrome
1952,87098,https://play.google.com/store/apps/details?id=com.android.chrome&reviewId=gp:AOqpTOFCPOoivvFOAEckB4MacxBJHYm3Howd1JmuLtfu_JyS33Nr8Nc7wT8Okz2OMCQ_idc7j-4pNd_F4I3oqiE,Good,1,0,surya Lifestyle,,87.0.4280.66,2021-01-06,com.android.chrome
2019,90442,https://play.google.com/store/apps/details?id=com.android.chrome&reviewId=gp:AOqpTOHJ6LguKjTs3HcKU5QhnNyd3aAq7ms0oY6FGiYeO1ZqU8sc0t657yUTzjZ8go2FhkLs6ChbYpmQndxbCI0,Best app ever,1,0,Nyakueka Stephen,,80.0.3987.99,2021-01-07,com.android.chrome
2043,90467,https://play.google.com/store/apps/details?id=com.android.chrome&reviewId=gp:AOqpTOGppIoOwRnnBtVwOTTVwCYwmIrQvrPMab73oZJc0ApI4wBYGYT4sJw1jvLYl38r7nAuPalxYGMa1x4p2Wc,Nice,1,0,Pawan Shukla,,87.0.4280.101,2021-01-07,com.android.chrome
2052,90476,https://play.google.com/store/apps/details?id=com.android.chrome&reviewId=gp:AOqpTOHoKA32TbiucRxn_EKxpl2VXau4s-Nr2GPFEabXMTcwiqdVf_6Rc3ZyORYB2xlKK_mWN8iEo5kNFiNyfyQ,Google ******,1,0,adam et riyad,,87.0.4280.101,2021-01-07,com.android.chrome
2089,90513,https://play.google.com/store/apps/details?id=com.android.chrome&reviewId=gp:AOqpTOFv_KFz2YoUvAen5KYS2Mc4jQCg7Coh89nnSyuIvwyjdd3yK8P_LEPgdIIFDTUYu30qI-JLOWrqWpql59w,Good,1,0,Sao Sarak,,74.0.3729.157,2021-01-07,com.android.chrome
2092,99838,https://play.google.com/store/apps/details?id=com.android.chrome&reviewId=gp:AOqpTOHvjD6otBeEV_hCI61Hwv4erFgfGXsNq0NTpNuQ4sxO21e3FvJvFSeGpKVl-vO_MARvwYI6D9QPt0gjqSk,Please update my Google Chrome app Please help,1,0,‡®ï‡®∞‡®® ‡®∞‡®æ‡®è,,86.0.4240.198,2021-01-08,com.android.chrome
2128,99874,https://play.google.com/store/apps/details?id=com.android.chrome&reviewId=gp:AOqpTOGi1raK1NExmqDUsDlwnEtywnuFeO1TknGMzeGkW-h0Hb0viWF2rBXc8u59GOKrxv7Th_rTE-Ap8QoMVcA,Yevt,1,0,MHR Family,,87.0.4280.101,2021-01-08,com.android.chrome
2146,99892,https://play.google.com/store/apps/details?id=com.android.chrome&reviewId=gp:AOqpTOF-XfF4TTTKLMpvb6FaZnR4zXo05ZDdmCnH5e5v0PO0960LBCauVfX4-Az9thBV-_2q41lHsB1v6Z83FqY,It wont update help!!!!,1,0,Amanda Durham,,85.0.4183.127,2021-01-08,com.android.chrome
2160,99906,https://play.google.com/store/apps/details?id=com.android.chrome&reviewId=gp:AOqpTOEzKBQoxZZkAskhnDNF2Xyp-6YjqdF2GT_NbxWFTkuHM6SVDX9BoDvhoaEZBwVo4E0t49kTPfUVopNx0_U,Great,1,0,Mohammad Akhavanfard,,87.0.4280.141,2021-01-08,com.android.chrome
2173,99919,https://play.google.com/store/apps/details?id=com.android.chrome&reviewId=gp:AOqpTOGWL46bQE0I5BrjuTTZJ8pah1em5-q0iPEeF7w-F0fWA2tPpG1pXfbdHzd0kux_DJPwNw2nMxj5GKniCWY,Works. But home page news article and other suggested content should have options to hide. I will enable it if I want so see don't force it on me,1,0,Ritesh Khodiyar,,87.0.4280.141,2021-01-08,com.android.chrome
2178,99924,https://play.google.com/store/apps/details?id=com.android.chrome&reviewId=gp:AOqpTOF51_MfkDPaaDAIcJRXuPv5-xOMvlvlSI0-iSim1g2ow5euu1yEPhN0I3vB4IpxRkaDYe5IIBLyLUpiomI,He is a good app,1,0,Omkar‡§Æ‡§§ Khande,,85.0.4183.127,2021-01-08,com.android.chrome
2185,99931,https://play.google.com/store/apps/details?id=com.android.chrome&reviewId=gp:AOqpTOHJZNiKZPc6QYJFNqg_3mCqmkhK7VF3sH4TTeW3hhzXfzthpWNU1Hk_01HfOnIw1l5yW_ZuIKDVctzHiNo,"Won't run crashes on startup, excellent testing there ü§î",1,0,Stefan Knowles,,87.0.4280.141,2021-01-08,com.android.chrome
2243,102814,https://play.google.com/store/apps/details?id=com.android.chrome&reviewId=gp:AOqpTOHh3tTb-phIqoB7hG4UfPBu1Y8wcZLdy-r5ymqxS3wR6n24M7bA8szb85hgNGiYO4Ip36xrwxoeXb5wQ_A,Updated issue,1,0,Rina Paul,,86.0.4240.198,2021-01-09,com.android.chrome
2260,102831,https://play.google.com/store/apps/details?id=com.android.chrome&reviewId=gp:AOqpTOFW0pPmwOMe8uGgwcSSYUSev9X3ifg_zeBjwcYC6XhuSlYimD0kpGHEku4NxXPhC6K9ipKz4959bV1E4Wo,Blue film,1,0,Dalsrang Sangma,,70.0.3538.110,2021-01-09,com.android.chrome
2292,107626,https://play.google.com/store/apps/details?id=com.android.chrome&reviewId=gp:AOqpTOFysAYLC2GeK-Z6biR3frW6GmK_-vv7CYX9moAp__FPko_saaeMBcLdaSklXr6Ltq2hQyRHsX-FeS4aQJ0,bubo,1,0,Jorey Macaambac,,85.0.4183.101,2021-01-10,com.android.chrome
2297,107631,https://play.google.com/store/apps/details?id=com.android.chrome&reviewId=gp:AOqpTOEjYrRp-CkjhUyGi90Z85LXWRV35JEgXy7dUfp9fdiMSefTt8zvn7hxg7cRwUZOWRBDiHw4jXbgL6xBJfw,Good,1,0,aseel bired sal,,42.0.2311.111,2021-01-10,com.android.chrome
2382,107716,https://play.google.com/store/apps/details?id=com.android.chrome&reviewId=gp:AOqpTOHMRIMC847UXnPw3DH8x5srHaTPC3cWya-w-gdUje59gVzp954NFx4_EtqyMmBwOPvRA2uP9x3A-n6ddSg,So good,1,0,Marygrace Loon,,83.0.4103.96,2021-01-10,com.android.chrome
2385,107719,https://play.google.com/store/apps/details?id=com.android.chrome&reviewId=gp:AOqpTOHEWLeOgFsXSNqimrXDs6_G4-U5DtDitydk0z-Ufsyn0BcLsNsyBZ_w4eqfPCYYmo6AFfBljqc_q1tvEk4,Please update my chrome,1,0,M Ä. L·¥è·¥Ñ·¥Ä ü,,83.0.4103.101,2021-01-10,com.android.chrome
2434,113022,https://play.google.com/store/apps/details?id=com.android.chrome&reviewId=gp:AOqpTOE--y0KXZ8Bk5DMMK6EdkM7Lvh4982loIwtIQDBv7RaAG03O5D5o2rH1FWDi2lXcjrdj8MpzL5n4VXInH8,It's what is expected .,1,0,donnie bruce,,87.0.4280.101,2021-01-11,com.android.chrome
2454,113042,https://play.google.com/store/apps/details?id=com.android.chrome&reviewId=gp:AOqpTOE1svN4-TMkt1NaBZgUJa5qDq6OceDhIwb_Ol6gtAWN32_7WVxhBJ4VxVQB09cAKQUDsH3y0TwHydpcg4k,Good,1,0,PRAMOD BARIK,,87.0.4280.101,2021-01-11,com.android.chrome
2478,113066,https://play.google.com/store/apps/details?id=com.android.chrome&reviewId=gp:AOqpTOGQm68ykMPQFbaZ4MN9pywOu7XmZ9WhjT2WPT9SEtTIjHt_zdIZmH8qbzuI5S5JMhKsNYdrBgpDn-ZcnlA,open xxxxxvbos,1,0,Lucky Duvada,,70.0.3538.110,2021-01-11,com.android.chrome
2481,113069,https://play.google.com/store/apps/details?id=com.android.chrome&reviewId=gp:AOqpTOFzv_0MWPBz5w0zJIX3ClX8qyCfzYgGH4dmbXhTT2x0ksJ2AeNKkdsX2dkUES_3ZG4sfCHEI6BYkDo3NG8,How to update,1,0,rahul sharma,,81.0.4044.138,2021-01-11,com.android.chrome
2509,119507,https://play.google.com/store/apps/details?id=com.android.chrome&reviewId=gp:AOqpTOGKTyGD77p7AV1kKYPS8iAkPzGNCEbV4qr7N2v9NiFVBPD8IoxGLuKBfC37j67-378LhQ4OwSUHdN8MuFQ,Best app ever,1,0,Zintle Nokrawuzana,,70.0.3538.110,2021-01-12,com.android.chrome
2555,119553,https://play.google.com/store/apps/details?id=com.android.chrome&reviewId=gp:AOqpTOHBHXqR-xjJEf3CaDM741dOqiBWVDor3wHY1uo89Bjjb8iLbZmReQJQMWmXYpT-FxYLXvSsMJV1O1Lr2vM,Ghatiya app h,1,0,Anurag Shahi,,80.0.3987.99,2021-01-12,com.android.chrome
2559,119557,https://play.google.com/store/apps/details?id=com.android.chrome&reviewId=gp:AOqpTOH94vHh7z-dEA5mVGUNL9-JyewgxrpYOugvPZMq_AJyl94-CdaQqUkKievaJpRCakeQFz72RPXPSESEaAM,Apps üëéüëéüíØ,1,0,Md Samir,,80.0.3987.99,2021-01-12,com.android.chrome
2616,125698,https://play.google.com/store/apps/details?id=com.android.chrome&reviewId=gp:AOqpTOFP69K_BLT8XeY396-T_cAdk6-cNHpCd1I3Zpt8QX_SxOWXrlyyKKw5uUHRLiN0sJ2OouHg5Xyx6xVThRw,Good,1,0,Arun Verma,,87.0.4280.101,2021-01-13,com.android.chrome
2640,125722,https://play.google.com/store/apps/details?id=com.android.chrome&reviewId=gp:AOqpTOGVe8roVACEhBycWHXZIfeIKWFxAGi9De-Sj5QF2Ix7prOhirDS5PaMqUT8OT58qBX1nEQfs5BLSfzEecY,Good App,1,0,Tushar Panchal,,87.0.4280.141,2021-01-13,com.android.chrome
2641,125723,https://play.google.com/store/apps/details?id=com.android.chrome&reviewId=gp:AOqpTOEZ9WqtwvlJBVUwEuzvU7Sx7d9b5QPYrbyW8NUJHvwAruWot8OswDr9zZHCHYRc6y9ZfTRF26hWXPP2WpE,Cookies Cookies,1,0,Etta Hubbard,,85.0.4183.81,2021-01-13,com.android.chrome
2683,125765,https://play.google.com/store/apps/details?id=com.android.chrome&reviewId=gp:AOqpTOFRK-kS0Jam7G6r1IZBRXAOyFqf7cKLVsiPm-ISHCOQ-m8TxUlWwTH5ZedrazGdd-_5uncFCTeDtJL81sw,Good,1,0,Ganga Meena,,85.0.4183.81,2021-01-13,com.android.chrome
2687,125769,https://play.google.com/store/apps/details?id=com.android.chrome&reviewId=gp:AOqpTOFKEtHOaGdvSWBuN4QmHlqBzRNkuvyYHmfBhXBSXy1s_9CKZg92qhrzb4WHtl-ATY5hHQ1_K4vXUCszqvw,Because it not ask before remove file from downloads.,1,0,J√§sH√§√±,,87.0.4280.101,2021-01-13,com.android.chrome
2760,128221,https://play.google.com/store/apps/details?id=com.android.chrome&reviewId=gp:AOqpTOES8uhDnmaK9QABv-qxlCekS_TX9otU5Yyi20Bl8PMqOpOKiwoF0jTfiX6m65XhAVT_KPA1jv7bNYfiPGg,Its not leting me update,1,0,Terry Dwater,,80.0.3987.99,2021-01-14,com.android.chrome
2788,128250,https://play.google.com/store/apps/details?id=com.android.chrome&reviewId=gp:AOqpTOEmpwHJnZZDdMu7O0k5sQlcXfxKdpqM8-oa5rWx1W25ilRmG4QSphZADMRZ93ibQb5zqmtgkFcpfJJUMbg,Bobo nyo,1,0,Ryan Laurio,,87.0.4280.101,2021-01-14,com.android.chrome
2837,139124,https://play.google.com/store/apps/details?id=com.android.chrome&reviewId=gp:AOqpTOEh1xBUvux3311MPP4Pnfh47v7f8Jnkcu6i6Q0JEACwxkJl0ZhWkb_XbZcLco2vGc5x6ua4at8UfjYyixY,C.k,1,0,kanzariya chiragbhai,,87.0.4280.141,2021-01-15,com.android.chrome
2844,139131,https://play.google.com/store/apps/details?id=com.android.chrome&reviewId=gp:AOqpTOGsnLoh1nwIqYhSL0SdGJ_OFYnk51Kz8FGMUJSEL8LnAuqMs7xxIPjiUszf1bhnG5-7aAU6zOLVwphN-vA,update issue,1,0,ashish jaglan,,87.0.4280.101,2021-01-15,com.android.chrome
2876,139163,https://play.google.com/store/apps/details?id=com.android.chrome&reviewId=gp:AOqpTOHYvcCkEiNcW8pv56XGsDTi4tGEYMAuWOF-C0ceMHAbHWgo-T4785hi5an79VSD4j5u-nn5wM8JBUYXXgI,good,1,0,saif khan,,72.0.3626.76,2021-01-15,com.android.chrome
2898,139886,https://play.google.com/store/apps/details?id=com.android.chrome&reviewId=gp:AOqpTOG4ymnxXKlQ9exxRAV4H5IbVQOcapBvrMFdTlQJzFyfxB4aJ2b-LB0yCJZGF-7BK-Nw9ISBWcqM1mM8KJU,Dil,1,0,velmani velmami,,65.0.3325.109,2021-01-16,com.android.chrome
2932,139920,https://play.google.com/store/apps/details?id=com.android.chrome&reviewId=gp:AOqpTOFs3OdazbTxyHQYQaCr1ULnIxFrVrlD_wMlgT4LZFy01HSzFlUlb-H-5Bc7U9EOWSdQ6Bk68Rx-Rgs_OA4,Go,1,0,Raj Sijy,,,2021-01-16,com.android.chrome
3014,148176,https://play.google.com/store/apps/details?id=com.android.chrome&reviewId=gp:AOqpTOGZy896VyQqzq0Urj5cs1JSzvQE-S1VjFo7PIFQSBqMuyMyGHkvf_oUxbEa7Slr6vbN8yHUNeHj-LNs3ok,Keeps stopping!!,1,0,Helen Wilhovsky,,87.0.4280.141,2021-01-17,com.android.chrome
3038,148200,https://play.google.com/store/apps/details?id=com.android.chrome&reviewId=gp:AOqpTOGN7HHYQkBlIUADBf9o_Y9F89V4F9B2tmnfNNPLlSO6Aoz_vJLJuI4hMO-L0-d7peoe3GdfueOBVqZBZ6k,no spam,1,0,MUHAMMAD ALIIF ays,,87.0.4280.141,2021-01-17,com.android.chrome
3075,148237,https://play.google.com/store/apps/details?id=com.android.chrome&reviewId=gp:AOqpTOGZBVGiksnSaxNvfmEpsI7vZ6uyD4ulD-8944qhCwy6VEY7XJTTVbdD9g0uWK1N6RZGupiOIXIUtwBzFGU,App keep stopping,1,0,Lynda Acosta,,84.0.4147.111,2021-01-17,com.android.chrome
3095,156270,https://play.google.com/store/apps/details?id=com.android.chrome&reviewId=gp:AOqpTOHsHFAngt4WnnYxG4yUPGd7O9lR-9JZJ0LoUaBLQe5ZRiemCYEEQQleQ4xvHkPkQ4LIfhn264NNLHgwbf8,Plezz support Android 4.4.4,1,0,Soma Mnj,,81.0.4044.138,2021-01-18,com.android.chrome
3148,156324,https://play.google.com/store/apps/details?id=com.android.chrome&reviewId=gp:AOqpTOEfXIBa7eId6Ki5Sp_e0jxY-GEHKyY_R9pLN5pQz6VPnYzUe9yncXzblPQQ8fJDrpT2ToRnzOfaFNdGOdI,Cant update,1,0,PRIME‰π°SWAPPY __,,87.0.4280.101,2021-01-18,com.android.chrome
3270,158508,https://play.google.com/store/apps/details?id=com.android.chrome&reviewId=gp:AOqpTOH3uv7oaOOpHGaEBuW81idj7gu_bavNfUn7fF4i3oz2_wnkYdSLFpuVm6Fp3dUcHfEKqFgsKPdvQq7JlVk,Bekar,1,0,K D,,87.0.4280.101,2021-01-19,com.android.chrome
3326,163988,https://play.google.com/store/apps/details?id=com.android.chrome&reviewId=gp:AOqpTOFtes3QrqKf_dpDax7xAgfNvukm4tzi6asCoULndNweZH-_LPYK7l4ztbJHAM9ubdFcCIKyoOVS_XQJGgg,Thik thak h,1,0,Prakash Raj,,87.0.4280.141,2021-01-20,com.android.chrome
3338,164000,https://play.google.com/store/apps/details?id=com.android.chrome&reviewId=gp:AOqpTOGgXbFuws7Yd0klLAOwTVIL0FO-hzf6zCLxMmg8LL78X4eID5cBITvYUVGUAkUkk9SGLg4fFUj1hxr-9XA,Nice,1,0,Akshay Rathod,,83.0.4103.101,2021-01-20,com.android.chrome
3349,164011,https://play.google.com/store/apps/details?id=com.android.chrome&reviewId=gp:AOqpTOELtsTPLhckehao-3t3hdj5tyZALjSR5Hu2GN37xjl1YdgpDn6xwSIs1yfgLiYSKvikiOpKtDgkB1pxky8,"so happy to say im finally getting rid of google chrome. it was difficult for a long time due to a lack of alternatives but the developers made it very easy to uninstall by making the browser more and more garbage and unusable, much appreciated, thank you <3!",1,0,Hersh Hossain,,80.0.3987.99,2021-01-20,com.android.chrome
3376,164038,https://play.google.com/store/apps/details?id=com.android.chrome&reviewId=gp:AOqpTOG7bPq_eaEYeRsQRuVbTiM7IE1xwD-WYyA-H2PrXNfXxHtRVtpacfz8P13pNRE21Uc6y1eWAMZVNK3wh64,Better,1,0,Edith Senyane,,42.0.2311.111,2021-01-20,com.android.chrome
3402,170292,https://play.google.com/store/apps/details?id=com.android.chrome&reviewId=gp:AOqpTOGFNFtYYxztOwhb3eYDPlHB01pRcwznyE00IiAiTb1JN-Qqa8_KaLsZCR_hVH4X7wtQpmCFn8jcX08xI9c,Cool,1,0,Dody Mukoko,,84.0.4147.111,2021-01-21,com.android.chrome
3430,170320,https://play.google.com/store/apps/details?id=com.android.chrome&reviewId=gp:AOqpTOEZ-APOngeMiRixWB0f5PFccHc3eIdCz0kHGI9Z0c5xnUWK7_dAc10rPiAAr2KYmtcPQU874idHzkwLgm8,Good,1,0,Farin Akhtar,,85.0.4183.101,2021-01-21,com.android.chrome
3437,170327,https://play.google.com/store/apps/details?id=com.android.chrome&reviewId=gp:AOqpTOGM0JmdRN2b_2r1q1C8WhwDRBhRJRJ2aROeJ_EwJY1Pj73awealzUPlZf-RiCg0WdmTVPCmlppaneCMD4I,Wonderful,1,0,Kefi Pathan gori,,80.0.3987.99,2021-01-21,com.android.chrome
3520,177104,https://play.google.com/store/apps/details?id=com.android.chrome&reviewId=gp:AOqpTOEAsm-7LUTIQf8cmvthtEpR8I2mvbu4cCquE65Kbair3dLk6b-7bOVSAIsiz4AAnVivZH3TrRkIPy1nQiM,Good,1,0,Kimhamed Hussein,,70.0.3538.110,2021-01-27,com.android.chrome
3525,177109,https://play.google.com/store/apps/details?id=com.android.chrome&reviewId=gp:AOqpTOG6ZabSb6hlM6OFUIN4n1EwtHjcUqJjFLzaC34Gg8oZ7rdQ5GNx3K-UFgjW8TcuMbqil6ANC1U8VQzgnJc,Super,1,0,kiran chalam charla,,86.0.4240.185,2021-01-27,com.android.chrome
3527,177111,https://play.google.com/store/apps/details?id=com.android.chrome&reviewId=gp:AOqpTOH5LVKn2VkNlt3d-if6tuY92Qw1ymUolWD76vwi4EIksv3YjF8MHRUv5zCu4r8YbeEMdOdJOj_duOvSBkE,Your service is dirtyüòèüòè,1,0,LOVER FF,,83.0.4103.101,2021-01-27,com.android.chrome
3538,177122,https://play.google.com/store/apps/details?id=com.android.chrome&reviewId=gp:AOqpTOEeK6-rGbQehGvkAiJtNBfZj_C5CsZNHxj3ui5wTkglXWrW3NaOaVKvCRpwNWT9Wk4O7T6B35fIC4ii5Uw,"Please avoid unwanted messages and links,images",1,0,Yoga Lakshmi,,74.0.3729.136,2021-01-27,com.android.chrome
3552,177136,https://play.google.com/store/apps/details?id=com.android.chrome&reviewId=gp:AOqpTOEDPU-7umriMoP5escbBde2VAuuLHgOftyUFL-5rS24WRheC_mCHvj1FN5nCjtVbInI_Quf32gfeUE0eZ8,Wonderful,1,0,Roshni Thankur,,87.0.4280.66,2021-01-27,com.android.chrome
3589,181853,https://play.google.com/store/apps/details?id=com.android.chrome&reviewId=gp:AOqpTOG0hyXAMHYCFcwTkTTN81-JQxUtech7e7MG123WqZmhc5Q8PJbrQtvE6Ug1CM4gNbL4S7YyQYpEtznt6jw,Good,1,0,Namuco Dante,,,2021-01-27,com.android.chrome
3597,181862,https://play.google.com/store/apps/details?id=com.android.chrome&reviewId=gp:AOqpTOFXLXofcm13aSQy1Rlqfrz0xn4Fo977c3jSsTCzJCae8DRwXcKrRkiD1ItFWvE_aC4HRns48LBt-ZRqTz8,Nice app i like this app,1,0,Sneha Dulgach,,70.0.3538.110,2021-01-27,com.android.chrome
3624,193171,https://play.google.com/store/apps/details?id=com.android.chrome&reviewId=gp:AOqpTOFyjFYlx-zqSaz6M_v0JsMGv49l947j04Tb61qpnBlKmiUTdUBqCQ95XUDf6IwXJscYoqn0ZKgIqqKQLuY,John zakaria,1,0,John Cool,,40.0.2214.109,2021-01-27,com.android.chrome
3670,193217,https://play.google.com/store/apps/details?id=com.android.chrome&reviewId=gp:AOqpTOGkfg6aKfKea3xxJJ5jcWvcaZBmkSmaeVbSkmZOYna9rYhB8AP8zIWDGsMFX3ylsoO5PiVUGeSEa4R4kng,Nic,1,0,Kasim Dar,,87.0.4280.141,2021-01-27,com.android.chrome
3671,193218,https://play.google.com/store/apps/details?id=com.android.chrome&reviewId=gp:AOqpTOGGEuwUAHFpvqZUux9VyOT7NoccmP1RXmL-hNRBk8ZQqa8c92GturZR81CaX_n56tacgb46DklW4t1-QPE,Not bad,1,0,Elizabeth Otieno,,86.0.4240.110,2021-01-27,com.android.chrome
3786,198461,https://play.google.com/store/apps/details?id=com.android.chrome&reviewId=gp:AOqpTOGDzRmOQCT9DvqJ_-felMGVqc2Ip5mzkmlpiwyEiABRTpTma7hlE7z4moidA28dkPJMwlTU3D9QgvoXmOA,Accurate hai,1,0,Ibrahim Bagwan,,86.0.4240.198,2021-01-28,com.android.chrome
3794,198469,https://play.google.com/store/apps/details?id=com.android.chrome&reviewId=gp:AOqpTOHKm2Sqq8pRx_K7mGU6-7jDqmfEPrU75VCVeyX4TWykYXUnbjwbMzaC7cAe49io_Z_anJGAcRNsWeD0BKA,Nice,1,0,Nitish Nirala,,87.0.4280.141,2021-01-28,com.android.chrome
3852,208982,https://play.google.com/store/apps/details?id=com.android.chrome&reviewId=gp:AOqpTOFk9QVgIXVL8NhASHDgPn11tuwLBaIN_2KCjpL1O7IZf7d8gVDGZoBOxMUCMN60oWcv7fSnRjzjianuiBg,L'application est a jour mais ne veut pas fonctionner correctement,1,0,Esteban Hannecart,,88.0.4324.93,2021-01-30,com.android.chrome
3958,210972,https://play.google.com/store/apps/details?id=com.android.chrome&reviewId=gp:AOqpTOHWlSR8HQpWFd_aCC5pIASCcRiNLraQJ6jpqaLJtSuGBDrhrqulM27XwUD_SvGjO---foKKpKp4jzrw-J4,"nice,‚ú®",1,0,brian choge,,84.0.4147.125,2021-01-31,com.android.chrome
4012,229662,https://play.google.com/store/apps/details?id=com.android.chrome&reviewId=gp:AOqpTOE37Wmp5RaADPYAQaeR2mSHQZrBsgaeh-dZxDsS1giVWAjS74fgWRAVTdwzWUTMR6U4oBXRnTIv95aJZM0,New update forces tab groups. Even after disabling them they turn back on. I'm perfectly capable or making my own damn tab decisions I don't need y'all doing it for me.,1,0,Kahless 01,,88.0.4324.141,2021-02-02,com.android.chrome
4023,229673,https://play.google.com/store/apps/details?id=com.android.chrome&reviewId=gp:AOqpTOEmBYD2K7dzWg7yGCquT0lHoujc7u6BCuTUZuT2ClUxtAtCY1Ct08x2nkSgWaNTfNFTHHEtic3BkG8VPA0,Good,1,0,Tambi Maniam,,88.0.4324.141,2021-02-02,com.android.chrome
4060,229710,https://play.google.com/store/apps/details?id=com.android.chrome&reviewId=gp:AOqpTOFAXCqJlY0QGXTSNpFxjuq3zUimF65JEAtZYu_u23DVu68sJsDsTJE4_pi3W3dDHg4Ma3RtcDZ9tpFDFCw,Excellent,1,0,selvamani shanmugam,,81.0.4044.138,2021-02-02,com.android.chrome
4093,229743,https://play.google.com/store/apps/details?id=com.android.chrome&reviewId=gp:AOqpTOGdI-aqjLA4VCV7xUHUthJLMete3B8QocX4Oc8LTdyj8OWSAIC2hS9Uab9FHwwRyAL72uThvKb5f_vM_7I,Awesome,1,0,Zuber Malik,,87.0.4280.141,2021-02-02,com.android.chrome
4117,236556,https://play.google.com/store/apps/details?id=com.android.chrome&reviewId=gp:AOqpTOHcPAvaigPS5jnd0cgpeRRorrsBIEDTrWZQDe31QMHJWdeydp8cEBT___yHc0CbPD8nnAcYia55QDvYDnY,Update Aavanilla meire,1,0,asif ballack,,86.0.4240.185,2021-02-03,com.android.chrome
4154,236593,https://play.google.com/store/apps/details?id=com.android.chrome&reviewId=gp:AOqpTOH57mDHnr0S3r1zDWJyY8jH2xNjGEmYYzOHFoaa_QGamvM_StFxVZ7jx_cvhQ_hRY2ft903DqDE_WZi3pg,its so fuccing helpful,1,0,Al-jazar Alico,,85.0.4183.101,2021-02-03,com.android.chrome
4174,236613,https://play.google.com/store/apps/details?id=com.android.chrome&reviewId=gp:AOqpTOFeUqz8HYEX9NIXU__wNrr_TGUSGxaqXF06pH7g75onqWf4vQTcXhGG0eRluYseNsL0RCj3OHYXD6pcPPc,Good,1,0,Akash pradhanji,,87.0.4280.141,2021-02-03,com.android.chrome
4178,236617,https://play.google.com/store/apps/details?id=com.android.chrome&reviewId=gp:AOqpTOHIuT69_Fdjc6y2SGEWA_YeLBc1l1t6KOSbRGmGPwQYjP3yWx8NZlFRXfpB7p5NY4vfR0JkKD_wV8wawes,Good luck with,1,0,Mohd rafique Sayed,,80.0.3987.99,2021-02-03,com.android.chrome
4182,236621,https://play.google.com/store/apps/details?id=com.android.chrome&reviewId=gp:AOqpTOELUniVxZTWgVSMN1v8SdgGCgLWKrnaGdouMdsTkJaRXNmqcb57frZ34UT1JO99_8d2PUdZBEyO-vncvPk,Ashish dvrma,1,0,Asish Debbarma,,43.0.2357.93,2021-02-03,com.android.chrome
4189,236628,https://play.google.com/store/apps/details?id=com.android.chrome&reviewId=gp:AOqpTOHVq_S1irFcyR7aC3hgKIfacnDEGFhq8By7Sn0jTvCE7jM3lYiaw1YYqCEHDWTQ-0sDolzzOyWbMCyyYd8,Update,1,0,Debasish Ghosh,,85.0.4183.101,2021-02-03,com.android.chrome
4193,236632,https://play.google.com/store/apps/details?id=com.android.chrome&reviewId=gp:AOqpTOGohv4hSZQryYdhwBaeewptqO8HJVfVOgcdzXzgBldcVyLSvyHdjpuKTTCBqCKMFml-eA7mWlNtWeU7hBk,Update issue,1,0,divya lakhera,,86.0.4240.110,2021-02-03,com.android.chrome
4204,236643,https://play.google.com/store/apps/details?id=com.android.chrome&reviewId=gp:AOqpTOHV4Mkr9jgkNazneu-6VdGEMWWROALiEu4fCiafoflvNz_tRfQ5wj167bwJuJCDUHoTvVAeuNF_Q1z76uc,Cant update!!,1,1,Zainudin Ali,,88.0.4324.93,2021-02-03,com.android.chrome
4323,269392,https://play.google.com/store/apps/details?id=com.android.chrome&reviewId=gp:AOqpTOEagyh-HepGvEOgJ5L_ieWBdPlV8IuIS5OvMySQcWtbdlWbf4MCJMFwAYj1fdgh6UiBfI6ANhZDnvXT6jI,Wont update,1,0,Kimberly Hadley,,88.0.4324.141,2021-02-05,com.android.chrome
4370,269440,https://play.google.com/store/apps/details?id=com.android.chrome&reviewId=gp:AOqpTOE7V8tBncEWmuSlPuG37wYeDQEpqE9SqQ5XcxdphhF0gGByQV_mi2uWrKvo633Qr5aTrlJUu2pxzKRA0HM,The App very good,1,0,Sharif Sayeed,,86.0.4240.198,2021-02-05,com.android.chrome
4393,269464,https://play.google.com/store/apps/details?id=com.android.chrome&reviewId=gp:AOqpTOHz_xoVbIsyIUX3vSJqx405ld10tG7ucbsbLIbqDWj87IKvF_HABtRgtwPIZEhontwVr7458qNOXn_3gOM,Bekar,1,0,Rajput 002,,86.0.4240.198,2021-02-05,com.android.chrome
4422,278881,https://play.google.com/store/apps/details?id=com.android.chrome&reviewId=gp:AOqpTOEdueNZf8Gqxp-RXvfCcazdhrKX3orVVHN6PzECGCw2SJGAcpeyaxehFCTTG2Ht0STFtSYL5wIqtq-uHYc,good app,1,0,Sarwardi hamza,,88.0.4324.93,2021-02-06,com.android.chrome
4424,278883,https://play.google.com/store/apps/details?id=com.android.chrome&reviewId=gp:AOqpTOGDq8BDxBR6mGDAXJFYra0PIN0UXPfdLJVb3cJlhKRrXXbA3AxrhrbLVG2nr2bR1-YiTIffNGTkPVbHh0I,Valo,1,0,Sakib Rafi,,86.0.4240.99,2021-02-06,com.android.chrome
4440,278900,https://play.google.com/store/apps/details?id=com.android.chrome&reviewId=gp:AOqpTOEKowCKMhfA49Xo_jwTjvj4DGqkGJGUpOKQ50oODSOuHNQoejdZwnsvCXBTxJYMcK3SrwJiWYwPxp3r7uU,"Hi, I am having a problem with latest update. I can't upload files on my samsung tab s6 lite. Every time I am trying to open a file browser for upload it closes. I tried to do it with opera and Firefox and it works with them perfectly.",1,0,lera mulina,,88.0.4324.152,2021-02-06,com.android.chrome
4499,278959,https://play.google.com/store/apps/details?id=com.android.chrome&reviewId=gp:AOqpTOF5BeNpZdyS_Rtpvt93B4Wn60B67MrssTZsgxJMbjsnbLTIob-9k4bP4Fkl2vdztu0Z-sgN6goLbadRieo,Rt,1,0,Akash Singh,,74.0.3729.136,2021-02-06,com.android.chrome
4503,278963,https://play.google.com/store/apps/details?id=com.android.chrome&reviewId=gp:AOqpTOGtm3PBPdCwm-VK_wedvL1CAWDcQe8dn9TCrRqhoVq7EkCjUNacfwNFjj8K5D47b8T7gQCcJ4jMn4eYyzw,ÿ®ÿØ,1,0,Arshia Safari,,88.0.4324.141,2021-02-06,com.android.chrome
4586,303386,https://play.google.com/store/apps/details?id=com.android.chrome&reviewId=gp:AOqpTOF_d9ENFhrsulYa1ZN7dZex6VzrSadltOcqS_alwt8RuEGojmC8_RzPBVnCs5ChvVw-1pTsrCiiB_zRyyA,I want to opening it,1,0,Sule Booru,,80.0.3987.99,2021-02-07,com.android.chrome
4612,312901,https://play.google.com/store/apps/details?id=com.android.chrome&reviewId=gp:AOqpTOEVaYkevqSbEcPynzb71VRIzYZoYPsjBHuf7zSopo14CR_0PiXm_DrCycPSTWfyqEKTCWenAIOu1-G9y50,It updates itself continuosly on one click to update it never stops updating .. and on pausing a file from downloading for long i am not able to continue downloading...it stops downloading .,1,0,Sujata Singh,,88.0.4324.141,2021-02-08,com.android.chrome
4663,312953,https://play.google.com/store/apps/details?id=com.android.chrome&reviewId=gp:AOqpTOGwMdHwRarRqzoa-qsQd98rj1TkrrKzmLnC9Ic38i4w0PLmTMs3C_1XkGkf7XvnohEYCUYlQHIJDnuszlo,üòÑüòÉ‚ò∫üòâüòÅüòå Good Luck To U üéÑ,1,0,Satish Satish. Lone,,74.0.3729.157,2021-02-08,com.android.chrome
4705,312995,https://play.google.com/store/apps/details?id=com.android.chrome&reviewId=gp:AOqpTOH5DGx_02eQ1GOf9cFtIE2JAJ8v8xFxEYPIxxC6nCfKeenf_CImzUgGLF6PAdgl7Qgk5SYFpJi2hDo4IKw,Taking Huge space,1,0,Sanam Pritam,,87.0.4280.86,2021-02-08,com.android.chrome
4778,325719,https://play.google.com/store/apps/details?id=com.android.chrome&reviewId=gp:AOqpTOGPXeX_6y2cgYN57WNAaG-qKaL-VxPaAjJxWYqHZTuowpM0FK355fXw19uoGYfY28Qspov94x5qhK6DBWw,Free mb,1,0,Hamid Saif,,84.0.4147.89,2021-02-09,com.android.chrome
4802,325743,https://play.google.com/store/apps/details?id=com.android.chrome&reviewId=gp:AOqpTOFz1I8ZwOeKyOSdHnBd6GkDP1iA5zDjSizRofVK6IRIHRnbFA0RmXsi68R9exrrt_ntgwsF2rnlFJTm4EI,I can not delete virus,1,0,sandeep mahawer,,86.0.4240.185,2021-02-09,com.android.chrome
4808,325749,https://play.google.com/store/apps/details?id=com.android.chrome&reviewId=gp:AOqpTOG0sgbIybzzuFONgHG5uAJxn5T-w6u295RSTvZRMX-iGyz6VFP5nrIgEgiJt6Qx2OtLsNtSi86NVjPLfWQ,Best,1,0,Rahul Singh,,83.0.4103.106,2021-02-09,com.android.chrome
4886,341795,https://play.google.com/store/apps/details?id=com.android.chrome&reviewId=gp:AOqpTOECTAo2nbzZ64t24-38zgHlmJDndWR71oeIidj492IstLeCbQUfb9EgPJ6dKY5gK7-cAx-t992qLDj6FBA,"Stop auto refreshing all tabs I lost my all data. In conditions like forgot otp, Google forms, other forms which need more information to fill in it. All going to erase & the page is refreshed. Stop refreshing facility please.",1,0,57_Rohit Jadhav,,87.0.4280.141,2021-02-10,com.android.chrome
4905,341816,https://play.google.com/store/apps/details?id=com.android.chrome&reviewId=gp:AOqpTOHAsQq1kp5ruWYER1htMUdiLgYGXBWsWxCr51qYNDfaAcno6c0HjxSwzN78JeiYyrV0sHPThFgLnLLy7Vo,By,1,0,Bindu Thankam,,79.0.3945.116,2021-02-10,com.android.chrome
4995,349006,https://play.google.com/store/apps/details?id=com.android.chrome&reviewId=gp:AOqpTOFnutIOg69-2Fo1-GpsFmlG6x1gjn90FSkqHYGLn4A55H-8ysoWfJFDJogcxagFgbUiG9PvT_mN8AJGnPU,Ssr.,1,0,BMC Entertainment,,83.0.4103.106,2021-02-11,com.android.chrome
4997,349008,https://play.google.com/store/apps/details?id=com.android.chrome&reviewId=gp:AOqpTOGhvP6agpg4J3mMsEJdBGnI5BaG_FjEDTYwDi5UUM4SkFZsrnjfG9TUQaihWqmprKN7mO3WvUnw7dC-y9w,Ok,1,0,li123 kim,,88.0.4324.93,2021-02-11,com.android.chrome
5084,369163,https://play.google.com/store/apps/details?id=com.android.chrome&reviewId=gp:AOqpTOEI57xM-Saik7xFGyMg68inDirQAHw3oUQD0uROz_dKcSpXMa0WLG-tbCgUJVgapwxfSMgZZICwgnwBQIo,Screwed up! It's constantly signing me out. Calling this app üí© is being generous,1,26,Martin Doswell,,88.0.4324.152,2021-02-12,com.android.chrome
5094,369173,https://play.google.com/store/apps/details?id=com.android.chrome&reviewId=gp:AOqpTOEf1gdGW27BVe6lFtC1SPvo0PjzTBXPnnID7gfy91wcpSXpNy75_weQZwhmwp9yP0FpQ4gbqnWbcDHYqFI,Update,1,0,Haziq MI,,88.0.4324.93,2021-02-12,com.android.chrome
5128,390951,https://play.google.com/store/apps/details?id=com.android.chrome&reviewId=gp:AOqpTOEm0FG760iaiYu74HUtGyOXCfyqDXbfCHErPvsAEocBwqyYAVayB10L0HjWvZeeuYghw1Uef0gZd7KPy2M,Good,1,0,Asha Kumari Ashakumari1,,86.0.4240.185,2021-02-13,com.android.chrome
5133,390956,https://play.google.com/store/apps/details?id=com.android.chrome&reviewId=gp:AOqpTOFCbRXgNI_KooLyVJnwsT5hdSGruUTEq7jlreajDie-FUcCY0yEaM3B4JdekC0eUcVT-1ih8aJfJTl_dgA,You tubu,1,0,Wendy Musilizo,,30.0.1599.82,2021-02-13,com.android.chrome
5134,390957,https://play.google.com/store/apps/details?id=com.android.chrome&reviewId=gp:AOqpTOHwD27sRaXCn6-Ei_Ilc2DTC8jL73dKRVIGMJ5LHRHty59j76ANNGuF3Fu7OUTnpkxbMQ2Dj72YcN1rpIs,lkod,1,0,narayan behera,,83.0.4103.106,2021-02-13,com.android.chrome
5142,390965,https://play.google.com/store/apps/details?id=com.android.chrome&reviewId=gp:AOqpTOEpSUQ_MdGWCuCSWfLrKe1NMCYuwQ1uFGNnpsuRjsRfk7ZBiI-DrsmaRlNFSUhNmA_Nl_LvoD6cexC-NxA,Please check the update,1,0,Ch Rawat,,83.0.4103.101,2021-02-13,com.android.chrome
5170,390993,https://play.google.com/store/apps/details?id=com.android.chrome&reviewId=gp:AOqpTOFsRouarIGx29opUJaJIp08SXhIMj3CLcuLkUSlwHphAyFLWzTcXCmM5IRD-G1wiz1g3nmz23fLp6ycytE,Super,1,0,Dilki Hapugolla,,86.0.4240.110,2021-02-13,com.android.chrome
5178,391001,https://play.google.com/store/apps/details?id=com.android.chrome&reviewId=gp:AOqpTOFm2oUj3tTI9NequtChX8TVKm1L3uk67Xic1Em5fr-SdLeZC9D4T356YIqBtaqf8iVfkuqGTvBCAt6iFF8,keeps telling me to update. but iv done it numerous of times and still says update,1,0,natalie kruger,,86.0.4240.185,2021-02-13,com.android.chrome
5201,391025,https://play.google.com/store/apps/details?id=com.android.chrome&reviewId=gp:AOqpTOHew9GBGqa8DpkhNjBv3kWyCtoj6vb0u2K8xQyOIVRqtmCxVpRorENM5tkUigk05VflJEumLDUOYsXgzuw,As,1,0,RAM KEVAL JAISWAL,,83.0.4103.106,2021-02-13,com.android.chrome
5206,391030,https://play.google.com/store/apps/details?id=com.android.chrome&reviewId=gp:AOqpTOHEfUpKAu5NRUOrimwTADPftHnn0DLagDszr4_P9ZnBjzH0p4hwtZnqMvR6MUQPgJ_HjnjK_YpncoHtG3E,1/4 star still to much !#%@&!!,1,0,Troy Mannerberg,,74.0.3729.136,2021-02-13,com.android.chrome
5208,391032,https://play.google.com/store/apps/details?id=com.android.chrome&reviewId=gp:AOqpTOHbBNThngkNBnAEAtuPaiBEIXM0EXPdTbDsaaB34DkqI4Vixwc4cyI4VdMHvCbbnksgth8f_icA09iergo,I don't like grouping of cards. I switched it off with the flags but it turns itself on again. Let me decide for myself what I like.,1,0,Jan Nowak,,88.0.4324.152,2021-02-13,com.android.chrome
5247,392771,https://play.google.com/store/apps/details?id=com.android.chrome&reviewId=gp:AOqpTOFP1ZEehVsZzCMd6GNLgcwUCNFoOdFzANMj3ei8ZmWRjKMRxJ6O57QWaGin3_L-qUtcG8h553eg_ylZ1Rw,Reply,1,0,chhotu kumar,,88.0.4324.93,2021-02-14,com.android.chrome
5264,392788,https://play.google.com/store/apps/details?id=com.android.chrome&reviewId=gp:AOqpTOH5eVeQXvTo4zjmpt3hFcsCJzTNgDMOE-AdHyHchTDUjox5wSQTw0yHs0ncnCooLdRy_1Oygh8J6Q75SuY,Wq you o,1,0,Shakunthala C,,70.0.3538.110,2021-02-14,com.android.chrome
5275,392799,https://play.google.com/store/apps/details?id=com.android.chrome&reviewId=gp:AOqpTOHcqtvnp-YtUNQ2dAACBdr9Uc1slgmXNwk-BqYhyji6sHP-KLhS0GsZAAAZZRLEdW2PA7d30lY4CuSrSCA,Nice,1,0,khan anas,,,2021-02-14,com.android.chrome
5300,392824,https://play.google.com/store/apps/details?id=com.android.chrome&reviewId=gp:AOqpTOHRLALj6r6_HpX6MGhd79LnCFE-WQApnPxEn65HxrH1-DOtQrmg79Rr9nvdy1G9xBG7EIKdIywogyRBrX4,Me gusta,1,0,Maribel Pajan,,40.0.2214.109,2021-02-14,com.android.chrome
5415,429690,https://play.google.com/store/apps/details?id=com.android.chrome&reviewId=gp:AOqpTOH5yz42g131XhRVdD0nQ6c7wyzXklDemsT0egkv61zsIt6b6hrl0YpbuM8YjkgXe5usz6JDGvtAjFrBh_A,Why do I have a option to find black owned businesses but nothing for white owed? Go that route and see how people take it!,1,0,James Stewart,,88.0.4324.152,2021-02-16,com.android.chrome
5417,429692,https://play.google.com/store/apps/details?id=com.android.chrome&reviewId=gp:AOqpTOG4mSoLI7AZD6SxEfQPWGObaHZdkIHpyRhKcNrUMMSnK1fxkSJxd-D-40rspPtHy_lUfoJjaL3gSmKHglo,Ekdam bhangar,1,0,VASANT S.,,87.0.4280.141,2021-02-16,com.android.chrome
5465,429741,https://play.google.com/store/apps/details?id=com.android.chrome&reviewId=gp:AOqpTOFdFwyRXdioa0MVkKMyGYZi1qFPTBLl9UT1Ivxop1jf6FcgWoAlavABbnoe_KL0DmwV7Ku1B-f_SVcDUxE,Ok,1,0,John Songay,,88.0.4324.152,2021-02-16,com.android.chrome
5472,429748,https://play.google.com/store/apps/details?id=com.android.chrome&reviewId=gp:AOqpTOGhIp0FZOZTYksgfKTDVpE1p3KJKakyMwUN68T97IVPJ2LZQ1LdJlRJGxyNX1hcu349e-XDm9-T4QkT7JU,Thise app good and i love it but i gave 1star because when i download any movie it take many time.,1,0,l MoNsTER l,,83.0.4103.101,2021-02-16,com.android.chrome
5536,444274,https://play.google.com/store/apps/details?id=com.android.chrome&reviewId=gp:AOqpTOHkEC6AN_sm8TdDYsok_TeRJTgi1mRmPg_tZlhDys7eR_RyxFH4byG2r9S581X6vqSZ_oMuUT2wMhyALF8,Takes 5 ever but it's having help right L S,1,0,Pam Lay,,86.0.4240.185,2021-02-17,com.android.chrome
5566,444303,https://play.google.com/store/apps/details?id=com.android.chrome&reviewId=gp:AOqpTOExorhDre-0MPRY9GKDLgpyPHatXmTyTlc7xWpjSn8xPgGyA74nhSFvTUtJgV_3kQdb3gEP70wAfGQsoOg,Super,1,0,Vishal Rao,,80.0.3987.99,2021-02-17,com.android.chrome
5571,444308,https://play.google.com/store/apps/details?id=com.android.chrome&reviewId=gp:AOqpTOE_OpYXeNnCyGaNELUzgfvHuCiLnNyY3wXdDWI6kAfkJxNQS4mcFsIaVtlXqLfAP5ORy-J4d2yB-F06V44,Ok,1,0,"‡º∫ S·¥ã·≠Ñgaming,",,84.0.4147.125,2021-02-17,com.android.chrome
5598,444335,https://play.google.com/store/apps/details?id=com.android.chrome&reviewId=gp:AOqpTOEpMpNs7eWN4MBI2BUSNY3ENNjKiwEfuck7Rxe2Sg6qP2OxZsULCdlQjuleAcfQnGXajWuUhTWP9g7L61E,good,1,0,Ashish Pawariya,,85.0.4183.101,2021-02-17,com.android.chrome
5619,462142,https://play.google.com/store/apps/details?id=com.android.chrome&reviewId=gp:AOqpTOFcyDFFyWCKLj2_CGxx3b9Cb5V3GqYRm86wnwx1s7hNbs0tf4NVKfMsAO6GfBD5MHgngSDLSZnrrOdHREE,Nice app for us guys 2,1,0,George Ochieng,,46.0.2490.76,2021-02-18,com.android.chrome
5647,462170,https://play.google.com/store/apps/details?id=com.android.chrome&reviewId=gp:AOqpTOESptZr96v0rLGRgAx9-4Bi8mc1tXAmmZD81W2XUA869ZsgrAMHjvxnhjKoBblMmS79UNaIgVFyFuz0VBQ,It's most wonderfull,1,0,Akhlaque Shaikh,,87.0.4280.101,2021-02-18,com.android.chrome
5669,462192,https://play.google.com/store/apps/details?id=com.android.chrome&reviewId=gp:AOqpTOGbgkd4mm71sR1Wiqi7MwG8uU1vLrR1k06kgoQ7rhFInVWUu-eeAGAGQDa_tHVWLCObJacaT014zsYqiVc,Very useful for me keep using guys good app !!!,1,0,Vignesh vignesh,,88.0.4324.152,2021-02-18,com.android.chrome
5723,476345,https://play.google.com/store/apps/details?id=com.android.chrome&reviewId=gp:AOqpTOG9hQVUiVz9LmhQE9lanLV8_ha9M41EZUQDDGLheYflNzbko-U8msj-XXiKXLSTNywXUcuSYmzwtLTb0Lo,Better,1,0,Leeann Villafuerte,,81.0.4044.138,2021-02-19,com.android.chrome
5724,476327,https://play.google.com/store/apps/details?id=com.android.chrome&reviewId=gp:AOqpTOH3BJaQcAWIiyP7gLEFYmxbEgZZYAJTvRh5pV3aUF6sYC-9TFY7qLgyb_iUSxWijvBivJAM0c9b-_XtlzE,It is very nice application the application developer unless you delete them,1,0,Ajay Kumar,,86.0.4240.110,2021-02-19,com.android.chrome
5736,476339,https://play.google.com/store/apps/details?id=com.android.chrome&reviewId=gp:AOqpTOHyqYS0sOHy2DrpXw6hs1MePOS8Q5wMwteOdNrAqFR36qKrXpyUcbwwRu9vtSeLBgHZu1NcUQ_3m0ZQnZ8,Sassa,1,0,Monojit Basumatary,,88.0.4324.93,2021-02-19,com.android.chrome
5756,476360,https://play.google.com/store/apps/details?id=com.android.chrome&reviewId=gp:AOqpTOHziC_JSFiu9wYnzdG2YyxOdc4zE05qplyf5m9eLYmc32xJNjQezW3ud3UaTFezbpfUk3KeTxO4iT15wZQ,Thanks Best Western Union Bank LTD for you and broth and Jell-O salad for lunch tomorrow,1,0,LEGEND ‡πõ Arshad,,88.0.4324.152,2021-02-19,com.android.chrome
5767,476371,https://play.google.com/store/apps/details?id=com.android.chrome&reviewId=gp:AOqpTOGPmuI55EaKe1sV21X59fQfPE8K4RkfPYXAT-YhY6jPO-5mqL8dsjZd5hKSJlz60nEmsdsIsrK8IqIrGyA,Good,1,0,Ankur Official,,83.0.4103.101,2021-02-19,com.android.chrome
5772,476376,https://play.google.com/store/apps/details?id=com.android.chrome&reviewId=gp:AOqpTOE3_RDZJgkT9d1HE49qC-5uZysqChC2AWjT48h8MYMcXilFKX2EhNwQbZpYZPgibYLaFvnNCjMxrJsk7YQ,Ok,1,0,Sftian Khrll,,42.0.2311.111,2021-02-19,com.android.chrome
5841,482334,https://play.google.com/store/apps/details?id=com.android.chrome&reviewId=gp:AOqpTOHFcn-TMxDuAcDGXetEii6xy-glYrdx71I5WHNDAEroRe6tq90lUiOaWz5t6poYmNTPQdgrGrIHhq11Mu8,Updated nhi ho rha he,1,0,sohil rangrej,,87.0.4280.86,2021-02-20,com.android.chrome
5871,482364,https://play.google.com/store/apps/details?id=com.android.chrome&reviewId=gp:AOqpTOGqyCgqz5CZSgy9kx5FEmozdSeXB6cqXq_V0c5OrASYgjREbUtcZVPwJ5j9RMVsoQGuWVegiAfm3ag8src,Very good,1,0,Naseemah Petersen,,26.0.1410.58,2021-02-20,com.android.chrome
5918,504391,https://play.google.com/store/apps/details?id=com.android.chrome&reviewId=gp:AOqpTOEfx-N0UrV3tLT9Tfl8yqreSpKjCo_c9fm7Zd3uWKfkGcQEX-Ve1qCWWJNEbd1BdZiSCfLdtJ2_eZUv5_I,Because of new update,1,0,Mayank Sabharwal,,88.0.4324.181,2021-02-21,com.android.chrome
5944,504417,https://play.google.com/store/apps/details?id=com.android.chrome&reviewId=gp:AOqpTOF10vVWIn3K4gLLS8SXiYNsDmyMn0HoYOgGLPCmyMQY-GlW-7d-bsbgbG4scyZ5NWNyP_w33ZoDtIWdio8,Good,1,0,Toxickozi,,87.0.4280.101,2021-02-21,com.android.chrome
5981,504454,https://play.google.com/store/apps/details?id=com.android.chrome&reviewId=gp:AOqpTOFnv2JOBhelAh3mTqaIF_u6QGj_InWhwrpbgGtzQgYcQKFUQfrSGbB50IWj5IBPg5bI8eo9XZZpVCAlPuU,KAKA SINGH. . .,1,0,Kaka singh KAKA SINGH,,55.0.2883.91,2021-02-21,com.android.chrome
5987,504460,https://play.google.com/store/apps/details?id=com.android.chrome&reviewId=gp:AOqpTOEkP2PxoehlJ33TCZQbv_FJi0kcYfVn-jbMStK2yQ5I3gW7PB-nhhSuY3ujYKtL2YT4xJnW_XdxGtn-k-I,Previous version was much better,1,0,Thakurdas Karmakar,,88.0.4324.152,2021-02-21,com.android.chrome
6122,527938,https://play.google.com/store/apps/details?id=com.android.chrome&reviewId=gp:AOqpTOE05PiysrPr84bS5I-mFRGW0pFb7xRwmK2S7epZHVwKUUR0LZeS0ucBxa8hn8YjtzquciIBUUqfMZp5apM,good,1,0,SUMIT VEER,,76.0.3809.132,2021-02-23,com.android.chrome
6159,527976,https://play.google.com/store/apps/details?id=com.android.chrome&reviewId=gp:AOqpTOE3PZiQRGSgm27AjgABL1p8NniaN1DmsPVznvUgMWIG5WNURe2B5uIlgEV_R44XR1cpXYCGtCoNdI6SjuE,Very nice üëåüëåüòäüëåüëåüëåüëåüëåüëåüëåüëåüëåüëåüëåüëå you have you,1,0,Param Bhatt,,68.0.3440.91,2021-02-23,com.android.chrome
6162,527979,https://play.google.com/store/apps/details?id=com.android.chrome&reviewId=gp:AOqpTOG_yfBbxO1t3xRysKXH_PYjOLQqM1MPdsXz0G2-3FOyFuIA1RIgRXEkP6is22os_LOE6CHqZaWTgzvDsSE,Chrome wont allow me to update and keeps freezing,1,0,james,,88.0.4324.152,2021-02-23,com.android.chrome
6191,528009,https://play.google.com/store/apps/details?id=com.android.chrome&reviewId=gp:AOqpTOEdPAhLcaeP_pgiOI9_ZsejYj-k4GnwaBj3GtcqTD3ZNImZrUkF5pVihrSvQmbAHyl6U_VFuOSmbcXy45A,Google is always safe,1,0,Vignesh,,75.0.3770.101,2021-02-23,com.android.chrome
6236,548513,https://play.google.com/store/apps/details?id=com.android.chrome&reviewId=gp:AOqpTOG8wITM5hLIGE-A3FoRSt1lNP2AKKPWUcaBFWzZnW4ghY-po8j-QKlGzWuzXbGBh8nkU64WIzIywvTBAl4,Byd,1,0,Raghu Nani,,87.0.4280.101,2021-02-24,com.android.chrome
6240,548517,https://play.google.com/store/apps/details?id=com.android.chrome&reviewId=gp:AOqpTOGn9eCO8qRiuzonYribwPS3cxazCB4XJNZwEem_kn-k4pBmR_spFR74kD_2zojHnKWXX_c1Lila8MWPoEw,.. .,1,0,Shubham Gupta,,88.0.4324.181,2021-02-24,com.android.chrome
6267,548544,https://play.google.com/store/apps/details?id=com.android.chrome&reviewId=gp:AOqpTOHpvMocyMI4wyuYNYO2BKJNtzfY8l1P0u-CwHKuo3dXoo78vpdc9UFk99-fXa3gch5o_mggMjY9u4oLIy0,Hot,1,0,Carlito Campo,,46.0.2490.76,2021-02-24,com.android.chrome
6306,556583,https://play.google.com/store/apps/details?id=com.android.chrome&reviewId=gp:AOqpTOFRfw4Httc4DN64-cLXPzgnERtmXefGqi6v344cROD4JsMoViJt1_Otcdak0srWv9Zmc8OO8P_2h9kTMcA,Very baad,1,0,Priyansh Pandey,,42.0.2311.111,2021-02-25,com.android.chrome
6316,556593,https://play.google.com/store/apps/details?id=com.android.chrome&reviewId=gp:AOqpTOEF8A7RQUvilAbjKZoXHChtTV2pxVxbhPpv2qnI_MD012wMNVoy9Ys1ktflWotgVLKJefNfB2usXPQ0rBU,Faltu,1,0,Dj Sanjay No.1,,70.0.3538.110,2021-02-25,com.android.chrome
6329,556606,https://play.google.com/store/apps/details?id=com.android.chrome&reviewId=gp:AOqpTOFU5niXShFSYTl1rYN_dsehU4Tql__T28NJXB0S7V3xEvtd5r0GwSzJ2vnh_2L40Rx55VwB7CVWrLOPOzI,Garden,1,0,Mayuri Lakra,,31.0.1650.59,2021-02-25,com.android.chrome
6446,569899,https://play.google.com/store/apps/details?id=com.android.chrome&reviewId=gp:AOqpTOGOKqUQwKxRrVXpHKv9Y6bQFotFTOZFZbks_bhIREcpeuT-2ZhAcle0T3fhj4TPowPsYHHfqKq44f5Zwps,Will,1,0,Shepherd Mugore,,64.0.3282.137,2021-02-26,com.android.chrome
6463,569916,https://play.google.com/store/apps/details?id=com.android.chrome&reviewId=gp:AOqpTOEf48cb8bvV4etOoKkzvz-7ts-lRzeSPPjUaYai_HxsxNoguaCsFlOZWddGJLKv5F2k86AzNtJ_HWDh2Zk,"Get rid of the tabs! Looks like the people at Google who design the GUI for the Chrome browser have never heard the saying, ""If it ain't broke don't fix it."" I was just fine with a list of tabs to flip through like it used to be up till a few days ago. I don't need mini views of each open page to remind me what I've been doing - I'm not an idiot - and I definitely don't need a piece of my screen real estate taken over to show me what tabs belong to the group. This is a ""feature"" no one needs.",1,0,Surya Hitam,,88.0.4324.181,2021-02-26,com.android.chrome
6477,569930,https://play.google.com/store/apps/details?id=com.android.chrome&reviewId=gp:AOqpTOGTkxkLi6sMlVPYA8VMh9nbnL4ECCbk5zmIQMnPl7YETAiMCnpB5kRsHvqyC5HP4sP2kY8NX6yYYAAkkZ0,I I,1,0,Joy Roy,,70.0.3538.110,2021-02-26,com.android.chrome
6482,569935,https://play.google.com/store/apps/details?id=com.android.chrome&reviewId=gp:AOqpTOFqTnUe24ojK3j13H_ARAoVkteWpHT88Gj-keKcALECKwp0JAlqynzYDPlbL8a2-Kyvd3y1WXqV_0yorTY,Nice app,1,0,karan mahor,,81.0.4044.138,2021-02-26,com.android.chrome
6496,569949,https://play.google.com/store/apps/details?id=com.android.chrome&reviewId=gp:AOqpTOFabLoB4xLDSyCdlLgoCXQHMQyny6gtiyIFU-xa-iqZO7ePqxUAuTP7SZPB6hC6SSORkrvxwIhvyZ_bhUA,"Cannot update chrome, it just won't let me",1,0,Sally Cooper,,88.0.4324.181,2021-02-26,com.android.chrome
6498,569951,https://play.google.com/store/apps/details?id=com.android.chrome&reviewId=gp:AOqpTOEz3g8kRE8DdPbMaa_QgQhXCP-IOjqm9sPzdBEOyRejBOMOr5zE_-53a2BAi0kuePap7Tu1zCTruJ0YHwI,Xxxvideo,1,0,Md Shodul,,88.0.4324.93,2021-02-26,com.android.chrome
6500,569953,https://play.google.com/store/apps/details?id=com.android.chrome&reviewId=gp:AOqpTOEAiDbqk3T7CXcx75SuZwM3bGs55dLOguKnoDZ0mtfWWJGFCRpaewf6PX-yXLUXQuafH_K9T1mBIHX1DBU,Tuju,1,0,Umar Farooq,,85.0.4183.127,2021-02-26,com.android.chrome
6575,588888,https://play.google.com/store/apps/details?id=com.android.chrome&reviewId=gp:AOqpTOG6nCLAah94VTZ80DZQXFNXDlY8sDMvCMyu96lFPP2gqtMx80upi2tCiramtQ1Y4V_wef_hFuoAO79HkHo,Help,1,0,Ramesh Oad,,84.0.4147.125,2021-02-27,com.android.chrome
6650,611831,https://play.google.com/store/apps/details?id=com.android.chrome&reviewId=gp:AOqpTOHLqHoGNZWnT3iicoefb_TWuz0M3G4vgTBmHMOxKzOu2ei66s_sA5I6AVeAutfhrEluwehSt_GnXwKfBR8,S,1,0,Shawn Jones,,84.0.4147.125,2021-02-28,com.android.chrome
6661,611842,https://play.google.com/store/apps/details?id=com.android.chrome&reviewId=gp:AOqpTOEhH0aBpS_qgxRbCg5ssNaaGFXfuJ70zRSGHTm8U05PPvh8RlP4H3PU-XAQcaChr4m4fXDt9XCNUEaANHQ,"The last few days it wont load at all, never had a problem before, its frustrating.",1,0,Teira Belyea,,88.0.4324.181,2021-02-28,com.android.chrome
6676,611857,https://play.google.com/store/apps/details?id=com.android.chrome&reviewId=gp:AOqpTOHOWu4YYYZVWLQLuQya-So3dXPVM3J9jRWi_C6zN1u4v0A7SMXLwTZDRaiR8tSSsoRcLWaa3F4J4d13GP8,To many posted,1,0,Caridad Acevedo,,85.0.4183.81,2021-02-28,com.android.chrome
6678,611859,https://play.google.com/store/apps/details?id=com.android.chrome&reviewId=gp:AOqpTOEn_6IVI_xgsOW0k03aKTCxMMtHmQstYYdaXQ0tXMGRrvIFVu8wteVkjgceke3TP4RW7Wry_gQXAGhl8Wo,Ok,1,0,Sherif Said,,88.0.4324.141,2021-02-28,com.android.chrome
6696,611877,https://play.google.com/store/apps/details?id=com.android.chrome&reviewId=gp:AOqpTOE_rS_B7UOmq1b4_8LJFie-_hetgMft5Okrl5Ii06wi82reKOC0BEnO9j6rI4L08xHs8qXTKIttvD3zDQo,Awesome,1,0,mohammad adil shaikh,,42.0.2311.111,2021-02-28,com.android.chrome
6701,611882,https://play.google.com/store/apps/details?id=com.android.chrome&reviewId=gp:AOqpTOGtkEfJO6oMyIrWDdivtC6ixst3Qrd4X_C00GNRYiRTsFtkRH878meeLvzzsNWmv2tDDWeP9twcqIQpueM,Automatically open tab,1,0,Sujit Das,,83.0.4103.101,2021-02-28,com.android.chrome
6731,620111,https://play.google.com/store/apps/details?id=com.android.chrome&reviewId=gp:AOqpTOHcqjIOfkl8cUoKQXxq_TkiKLv-0GJkabb4wstBFsgCIrGUXRcVAlVoTkV6GzgA2y1yHBVTRPz3eiwnQjY,Tracks every move you make.,1,0,Doogie H,,88.0.4324.181,2021-03-01,com.android.chrome
6777,620158,https://play.google.com/store/apps/details?id=com.android.chrome&reviewId=gp:AOqpTOF2PPqL7U1JZzxyueIQHO41w8YGTod2lcDXaoP5YteDeOAwwIsU4bqRAALwlOyuMjKAQ8hkfuKMh6oRH6s,Nice,1,0,Khalid Hussain,,88.0.4324.93,2021-03-01,com.android.chrome
6830,642264,https://play.google.com/store/apps/details?id=com.android.chrome&reviewId=gp:AOqpTOE0q7SJP34nFfVAlLTbLM6XlOlpPAY4Rk5ESv1NM636btgULkkR7_pFBhpLo3N-LE_BUFWX8RsKPy-GsWs,Always coming nude and bed update related sexüò°üò°üò°üò°üò°,1,0,Hemant Meena,,85.0.4183.127,2021-03-02,com.android.chrome
6839,642273,https://play.google.com/store/apps/details?id=com.android.chrome&reviewId=gp:AOqpTOGHWBgH6WyJrmEuvstZzGEI8cEXInv24DELXyFHRJWly_wMUPylygibMCq_jCscwYamDFkp8xyHJ7dgDVo,Nice,1,0,naiz khan,,61.0.3163.98,2021-03-02,com.android.chrome
6841,642275,https://play.google.com/store/apps/details?id=com.android.chrome&reviewId=gp:AOqpTOGkvb15wKcKDYGd6B_aKeCC8KieeKSFNbK8UnnxUtd-_9izWbXtwfkkmGB_K4uaBj1BsAPAtOCpt500ohc,Rahul Thakur,1,0,Thakur Rahul,,83.0.4103.106,2021-03-02,com.android.chrome
6860,642293,https://play.google.com/store/apps/details?id=com.android.chrome&reviewId=gp:AOqpTOEYPLCCbyMtGhi8ZsZAfVtZ5MVwr4OjnfYS0xPmWyPFPdILORIKprZzzHbSr9YLip4vEhllD8gAfu149W0,Diditol,1,0,Ashi Bharti,,55.0.2883.91,2021-03-02,com.android.chrome
6905,656111,https://play.google.com/store/apps/details?id=com.android.chrome&reviewId=gp:AOqpTOFxUfxk09YwDu2bmfdX9HCQ88ty-lfd4ZrdSsihWXu9J44wpa540PDSSwHi1dkq6Rjp4FDkBBkCHzZzINA,see,1,0,S S,,88.0.4324.181,2021-03-03,com.android.chrome
6914,656041,https://play.google.com/store/apps/details?id=com.android.chrome&reviewId=gp:AOqpTOE0w8_otCUIOkV_pvkagfRh6XDO2g6IH2PcfOIVP5PkJdAUsKxGmXqYxxUippLMXTotcER6Exs4vt1fgbM,for android its chrome,1,0,T Thush,,88.0.4324.152,2021-03-03,com.android.chrome
6937,656065,https://play.google.com/store/apps/details?id=com.android.chrome&reviewId=gp:AOqpTOHxJSVJshc9sndq21-j8NEKi9YTtEG0F28StvG9BhmpqFnKZu2r-btG-iuUko81wGswXm0ROYG0RD7kiJI,Heart of 6 mobile,1,0,M.saleem mayo,,88.0.4324.152,2021-03-03,com.android.chrome
6943,656071,https://play.google.com/store/apps/details?id=com.android.chrome&reviewId=gp:AOqpTOH9-XxCiN1EKKovOHFrPfdrfq3E8wJ78dpoBkW-ZoHO1yTX3YxxueYAV7va6rRDHI6VqpkCpf6ZcKo8ugM,Ooo,1,0,Amir Hocin,,64.0.3282.137,2021-03-03,com.android.chrome
6993,656122,https://play.google.com/store/apps/details?id=com.android.chrome&reviewId=gp:AOqpTOFLzzlo02si-pTNDvVd6n8YPHvfhHfztCJBSg8D4VKWxds8Xc9JEiQL6qE-PkUzu4sikZfz6gHMsF3ZGgI,Since the new update it wont do ANYTHING. Wont even show the screen.,1,0,Tristan Speight,,88.0.4324.181,2021-03-03,com.android.chrome
7041,659655,https://play.google.com/store/apps/details?id=com.android.chrome&reviewId=gp:AOqpTOFGerW37qWohz7xcgVO52gVBGCSHAY04CPeVB0-xLYQq0kvoanOZu-9Ax1gsHLUV82ssX4TMGAirDBy8sA,Good,1,0,Seanmichael Cabanilla,,81.0.4044.138,2021-03-04,com.android.chrome
7042,659656,https://play.google.com/store/apps/details?id=com.android.chrome&reviewId=gp:AOqpTOGzGaQNmHbdHAEfQnKzhtO1vbPke4TJkYccUFKpxCEb4MBva8l8V5AlBgolER2YiI1MFLqtVkCGiwPtTVU,Good app,1,0,Faith Mulae,,62.0.3202.84,2021-03-04,com.android.chrome
7047,659661,https://play.google.com/store/apps/details?id=com.android.chrome&reviewId=gp:AOqpTOEL20C4u8eL6I2vCF_srn-vAe-XdF9ul9iQmXqMsYWG5TomRDcYBwVcXsBIkL1GiGC2bE7J4Xd8U1DM2To,Its good,1,0,Holy Purpose,,42.0.2311.111,2021-03-04,com.android.chrome
7051,659665,https://play.google.com/store/apps/details?id=com.android.chrome&reviewId=gp:AOqpTOE9AAmEa4JfxrMV2mYKfMVxouk8uyD3NQ6LuckNYuTQDOdaN1kEBdBMOxSni0uE6MeJaZpPfYefyNvaIMo,Helpfull,1,0,Kundoo Zubair,,42.0.2311.111,2021-03-04,com.android.chrome
7101,659715,https://play.google.com/store/apps/details?id=com.android.chrome&reviewId=gp:AOqpTOFsT2_ntpgzNKpa_1y7jHQet2rhIszsbOxJlogY0Kk8YOJav3vYdrQwTqxq4CXa28lJCH7DUtuynbl7278,Wirst,1,0,Kajal Sinha,,88.0.4324.181,2021-03-04,com.android.chrome
7113,684901,https://play.google.com/store/apps/details?id=com.android.chrome&reviewId=gp:AOqpTOHX1bHtZhhe-K-Ikl9LvjkRb4E7CfUg3TiPFVFlvP3tSzYH0kH9yTBv2PPy7loU1lqY9gOvt85Fx06Xteg,Idk,1,0,No you,,88.0.4324.181,2021-03-05,com.android.chrome
7195,684983,https://play.google.com/store/apps/details?id=com.android.chrome&reviewId=gp:AOqpTOETBJBTu2cGF1Pe-InDokmpFqyaaX39yF2nupPTk1rQX3fwLsRp_jqAnygseU6V9Gbi5NxEwp-J6873RMM,"Chrome is good, I trust this update will make it better.",1,0,Harry W Kendall,,88.0.4324.181,2021-03-05,com.android.chrome
